model,engine,avg_time_ms,fps
YOLOv12n,pytorch,22.776925563812256,43.90408166362846
YOLOv12n,onnx,103.97344827651978,9.61784009837278
YOLOv12n,tensorrt,4.79428768157959,208.58155922560883
YOLOv12n,openvino,43.20718050003052,23.144301211676925
YOLOv12n,ncnn,115.97568988800049,8.622496671205107
